country,Year,GDP.per.capita.PPP.current.international,polity2
Antigua and Barbuda,2000,12345.81711,NA
Antigua and Barbuda,2001,12654.91593,NA
Antigua and Barbuda,2002,12959.93008,NA
Antigua and Barbuda,2003,13699.03753,NA
Antigua and Barbuda,2004,14866.37108,NA
Antigua and Barbuda,2005,15791.64295,NA
Antigua and Barbuda,2006,18234.8027,NA
Antigua and Barbuda,2007,20324.14267,NA
Antigua and Barbuda,2008,20565.85954,NA
Antigua and Barbuda,2009,18778.49063,NA
Antigua and Barbuda,2010,NA,NA
Afghanistan,2000,NA,-7
Afghanistan,2001,NA,NA
Afghanistan,2002,578.8884948,NA
Afghanistan,2003,659.2476674,NA
Afghanistan,2004,723.4946146,NA
Afghanistan,2005,834.8776273,NA
Afghanistan,2006,933.3307896,NA
Afghanistan,2007,937.8866106,NA
Afghanistan,2008,955.0275931,NA
Afghanistan,2009,1321.323797,NA
Afghanistan,2010,NA,NA
Albania,2000,4259.30791,5
Albania,2001,4658.009188,5
Albania,2002,4860.034621,7
Albania,2003,5230.006539,7
Albania,2004,5673.623382,7
Albania,2005,6161.607781,9
Albania,2006,6878.015825,9
Albania,2007,7363.602919,9
Albania,2008,8414.646766,9
Albania,2009,8716.006729,9
Albania,2010,NA,NA
Algeria,2000,5395.332006,-3
Algeria,2001,5579.134438,-3
Algeria,2002,5849.358687,-3
Algeria,2003,6293.317735,-3
Algeria,2004,6707.121276,2
Algeria,2005,7175.964274,2
Algeria,2006,7444.943065,2
Algeria,2007,7812.37081,2
Algeria,2008,8052.215214,2
Algeria,2009,8172.475217,2
Algeria,2010,NA,NA
Andorra,2000,NA,NA
Andorra,2001,NA,NA
Andorra,2002,NA,NA
Andorra,2003,NA,NA
Andorra,2004,NA,NA
Andorra,2005,NA,NA
Andorra,2006,NA,NA
Andorra,2007,NA,NA
Andorra,2008,NA,NA
Andorra,2009,NA,NA
Andorra,2010,NA,NA
Angola,2000,2277.126836,-3
Angola,2001,2332.520557,-3
Angola,2002,2631.637771,-2
Angola,2003,2691.60024,-2
Angola,2004,2984.2298,-2
Angola,2005,3611.492632,-2
Angola,2006,4299.187623,-2
Angola,2007,5206.427427,-2
Angola,2008,5873.047312,-2
Angola,2009,5812.021995,-2
Angola,2010,NA,NA
Argentina,2000,9112.116308,8
Argentina,2001,8817.325458,8
Argentina,2002,7908.391423,8
Argentina,2003,8712.536474,8
Argentina,2004,9679.765205,8
Argentina,2005,10819.30039,8
Argentina,2006,12001.15606,8
Argentina,2007,13354.96217,8
Argentina,2008,14425.85156,8
Argentina,2009,14538.32401,8
Argentina,2010,NA,NA
Armenia,2000,2033.462358,5
Armenia,2001,2286.92336,5
Armenia,2002,2634.690359,5
Armenia,2003,3068.914432,5
Armenia,2004,3485.133737,5
Armenia,2005,4097.815434,5
Armenia,2006,4784.061832,5
Armenia,2007,5618.593701,5
Armenia,2008,6122.599655,5
Armenia,2009,5278.876583,5
Armenia,2010,NA,NA
Aruba,2000,NA,NA
Aruba,2001,NA,NA
Aruba,2002,NA,NA
Aruba,2003,NA,NA
Aruba,2004,NA,NA
Aruba,2005,NA,NA
Aruba,2006,NA,NA
Aruba,2007,NA,NA
Aruba,2008,NA,NA
Aruba,2009,NA,NA
Aruba,2010,NA,NA
Azerbaijan,2000,2207.057402,-7
Azerbaijan,2001,2461.399775,-7
Azerbaijan,2002,2745.967708,-7
Azerbaijan,2003,3095.787657,-7
Azerbaijan,2004,3477.699081,-7
Azerbaijan,2005,4496.143936,-7
Azerbaijan,2006,6175.783894,-7
Azerbaijan,2007,7897.336726,-7
Azerbaijan,2008,8839.764725,-7
Azerbaijan,2009,9638.188186,-7
Azerbaijan,2010,NA,NA
Bahrain,2000,20647.43306,-9
Bahrain,2001,21590.54637,-8
Bahrain,2002,22575.36152,-7
Bahrain,2003,24167.34707,-7
Bahrain,2004,25661.41649,-7
Bahrain,2005,27961.80275,-7
Bahrain,2006,30144.80246,-7
Bahrain,2007,33064.77905,-7
Bahrain,2008,35174.1416,-7
Bahrain,2009,NA,-7
Bahrain,2010,NA,NA
Barbados,2000,NA,NA
Barbados,2001,NA,NA
Barbados,2002,NA,NA
Barbados,2003,NA,NA
Barbados,2004,NA,NA
Barbados,2005,19188.63992,NA
Barbados,2006,NA,NA
Barbados,2007,NA,NA
Barbados,2008,NA,NA
Barbados,2009,NA,NA
Barbados,2010,NA,NA
Benin,2000,1133.411305,6
Benin,2001,1178.175113,6
Benin,2002,1210.069346,6
Benin,2003,1241.558412,6
Benin,2004,1272.643621,6
Benin,2005,1309.033622,6
Benin,2006,1361.918499,7
Benin,2007,1426.875801,7
Benin,2008,1484.84932,7
Benin,2009,1507.88121,7
Benin,2010,NA,NA
Burkina Faso,2000,808.4649841,-3
Burkina Faso,2001,854.7116229,0
Burkina Faso,2002,880.7153929,0
Burkina Faso,2003,940.6737402,0
Burkina Faso,2004,978.9101652,0
Burkina Faso,2005,1040.053358,0
Burkina Faso,2006,1094.971689,0
Burkina Faso,2007,1133.634154,0
Burkina Faso,2008,1175.421469,0
Burkina Faso,2009,1186.948027,0
Burkina Faso,2010,NA,NA
"Bahamas, The",2000,NA,NA
"Bahamas, The",2001,NA,NA
"Bahamas, The",2002,NA,NA
"Bahamas, The",2003,NA,NA
"Bahamas, The",2004,NA,NA
"Bahamas, The",2005,NA,NA
"Bahamas, The",2006,NA,NA
"Bahamas, The",2007,NA,NA
"Bahamas, The",2008,NA,NA
"Bahamas, The",2009,NA,NA
"Bahamas, The",2010,NA,NA
Bhutan,2000,2436.943358,-10
Bhutan,2001,2587.442268,-10
Bhutan,2002,2775.397632,-10
Bhutan,2003,2984.397015,-10
Bhutan,2004,3219.421347,-10
Bhutan,2005,3470.666863,-6
Bhutan,2006,3730.133783,-6
Bhutan,2007,4535.512059,-6
Bhutan,2008,4788.403921,3
Bhutan,2009,5112.937961,3
Bhutan,2010,NA,NA
Belarus,2000,5227.474848,-7
Belarus,2001,5618.110886,-7
Belarus,2002,6024.783933,-7
Belarus,2003,6622.173258,-7
Belarus,2004,7627.836364,-7
Belarus,2005,8540.815921,-7
Belarus,2006,9787.884053,-7
Belarus,2007,11155.03143,-7
Belarus,2008,12714.23459,-7
Belarus,2009,13039.71948,-7
Belarus,2010,NA,NA
Belize,2000,4982.031038,NA
Belize,2001,5191.672804,NA
Belize,2002,5379.845819,NA
Belize,2003,5821.498498,NA
Belize,2004,6065.875927,NA
Belize,2005,6254.342073,NA
Belize,2006,6543.29387,NA
Belize,2007,6627.580468,NA
Belize,2008,6796.424357,NA
Belize,2009,6627.943545,NA
Belize,2010,NA,NA
Bangladesh,2000,791.3576317,6
Bangladesh,2001,836.9877264,6
Bangladesh,2002,872.8598098,6
Bangladesh,2003,922.81688,6
Bangladesh,2004,992.1218459,6
Bangladesh,2005,1069.265688,6
Bangladesh,2006,1159.507192,6
Bangladesh,2007,1257.802153,-6
Bangladesh,2008,1345.691801,-6
Bangladesh,2009,1416.323365,5
Bangladesh,2010,NA,NA
Bolivia,2000,3013.306807,9
Bolivia,2001,3070.261724,9
Bolivia,2002,3133.853081,9
Bolivia,2003,3223.517631,8
Bolivia,2004,3386.643409,8
Bolivia,2005,3757.493251,8
Bolivia,2006,3982.296827,8
Bolivia,2007,4044.953734,8
Bolivia,2008,4310.753851,8
Bolivia,2009,4419.336334,7
Bolivia,2010,NA,NA
Bosnia and Herzegovina,2000,4440.095007,NA
Bosnia and Herzegovina,2001,4671.276202,NA
Bosnia and Herzegovina,2002,4962.0958,NA
Bosnia and Herzegovina,2003,5262.035293,NA
Bosnia and Herzegovina,2004,5743.252145,NA
Bosnia and Herzegovina,2005,6232.316076,NA
Bosnia and Herzegovina,2006,7085.146126,NA
Bosnia and Herzegovina,2007,7885.443672,NA
Bosnia and Herzegovina,2008,8714.746897,NA
Bosnia and Herzegovina,2009,8578.287011,NA
Bosnia and Herzegovina,2010,NA,NA
Botswana,2000,8629.904702,8
Botswana,2001,8996.910893,8
Botswana,2002,9832.475679,8
Botswana,2003,10546.29327,8
Botswana,2004,11354.72858,8
Botswana,2005,11772.06865,8
Botswana,2006,12600.79381,8
Botswana,2007,13459.82006,8
Botswana,2008,13971.26096,8
Botswana,2009,13384.46546,8
Botswana,2010,NA,NA
Brazil,2000,7020.555083,8
Brazil,2001,7171.496571,8
Brazil,2002,7378.813865,8
Brazil,2003,7523.088602,8
Brazil,2004,8074.789953,8
Brazil,2005,8505.417044,8
Brazil,2006,9028.31445,8
Brazil,2007,9804.285861,8
Brazil,2008,10434.37619,8
Brazil,2009,10366.87661,8
Brazil,2010,NA,NA
Brunei Darussalam,2000,42140.77642,NA
Brunei Darussalam,2001,43311.52065,NA
Brunei Darussalam,2002,44757.14134,NA
Brunei Darussalam,2003,46088.61847,NA
Brunei Darussalam,2004,46680.76556,NA
Brunei Darussalam,2005,47468.34359,NA
Brunei Darussalam,2006,50168.98544,NA
Brunei Darussalam,2007,51204.56859,NA
Brunei Darussalam,2008,NA,NA
Brunei Darussalam,2009,NA,NA
Brunei Darussalam,2010,NA,NA
Burundi,2000,308.6178178,-1
Burundi,2001,315.7097544,0
Burundi,2002,327.0390583,2
Burundi,2003,321.0254899,3
Burundi,2004,336.1105399,5
Burundi,2005,340.182851,6
Burundi,2006,358.3045122,6
Burundi,2007,372.4386857,6
Burundi,2008,386.0685864,6
Burundi,2009,392.1151769,6
Burundi,2010,NA,NA
Bulgaria,2000,6308.651879,8
Bulgaria,2001,6852.728264,9
Bulgaria,2002,7578.388256,9
Bulgaria,2003,8208.368054,9
Bulgaria,2004,8872.624908,9
Bulgaria,2005,9807.273279,9
Bulgaria,2006,11073.48069,9
Bulgaria,2007,12364.11437,9
Bulgaria,2008,14034.10522,9
Bulgaria,2009,13869.58423,9
Bulgaria,2010,NA,NA
Cambodia,2000,895.3334409,2
Cambodia,2001,971.3752457,2
Cambodia,2002,1035.453406,2
Cambodia,2003,1129.351935,2
Cambodia,2004,1261.292584,2
Cambodia,2005,1452.70876,2
Cambodia,2006,1634.900355,2
Cambodia,2007,1833.423091,2
Cambodia,2008,1966.178863,2
Cambodia,2009,1914.992266,2
Cambodia,2010,NA,NA
Cameroon,2000,1623.292762,-4
Cameroon,2001,1694.762439,-4
Cameroon,2002,1749.977111,-4
Cameroon,2003,1816.993613,-4
Cameroon,2004,1893.280707,-4
Cameroon,2005,1955.683701,-4
Cameroon,2006,2036.982424,-4
Cameroon,2007,2131.200725,-4
Cameroon,2008,2190.648376,-4
Cameroon,2009,2204.876906,-4
Cameroon,2010,NA,NA
Cape Verde,2000,2013.819233,NA
Cape Verde,2001,2099.938784,NA
Cape Verde,2002,2193.761882,NA
Cape Verde,2003,2340.186769,NA
Cape Verde,2004,2350.802188,NA
Cape Verde,2005,2675.832018,NA
Cape Verde,2006,2997.720614,NA
Cape Verde,2007,3320.266866,NA
Cape Verde,2008,3561.338253,NA
Cape Verde,2009,3643.617766,NA
Cape Verde,2010,NA,NA
Cote d'Ivoire,2000,1539.961131,4
Cote d'Ivoire,2001,1538.349188,4
Cote d'Ivoire,2002,1507.994283,0
Cote d'Ivoire,2003,1485.430754,0
Cote d'Ivoire,2004,1523.072555,0
Cote d'Ivoire,2005,1560.056025,0
Cote d'Ivoire,2006,1586.486779,0
Cote d'Ivoire,2007,1631.713901,0
Cote d'Ivoire,2008,1665.520179,0
Cote d'Ivoire,2009,1701.226313,0
Cote d'Ivoire,2010,NA,NA
Central African Republic,2000,670.7546257,5
Central African Republic,2001,674.4604059,5
Central African Republic,2002,669.0946686,5
Central African Republic,2003,620.5905057,-1
Central African Republic,2004,633.3825517,-1
Central African Republic,2005,658.305785,-1
Central African Republic,2006,692.6375057,-1
Central African Republic,2007,729.0097829,-1
Central African Republic,2008,746.9731205,-1
Central African Republic,2009,757.3938915,-1
Central African Republic,2010,NA,NA
Chad,2000,650.9843522,-2
Chad,2001,717.1987701,-2
Chad,2002,762.3533295,-2
Chad,2003,861.6109486,-2
Chad,2004,1143.5312,-2
Chad,2005,1342.031647,-2
Chad,2006,1347.091078,-2
Chad,2007,1357.044888,-2
Chad,2008,1344.369897,-2
Chad,2009,1300.130047,-2
Chad,2010,NA,NA
Chile,2000,9257.24477,9
Chile,2001,9667.33144,9
Chile,2002,9920.77553,9
Chile,2003,10452.52299,9
Chile,2004,11276.50249,9
Chile,2005,12171.53678,9
Chile,2006,13008.75198,10
Chile,2007,13865.19449,10
Chile,2008,14542.62853,10
Chile,2009,14311.28527,10
Chile,2010,NA,NA
China,2000,2364.385715,-7
China,2001,2599.730099,-7
China,2002,2863.135819,-7
China,2003,3197.354636,-7
China,2004,3598.635366,-7
China,2005,4114.573523,-7
China,2006,4761.288038,-7
China,2007,5594.418806,-7
China,2008,6233.503312,-7
China,2009,6827.950004,-7
China,2010,NA,NA
Colombia,2000,5865.527797,7
Colombia,2001,5999.80512,7
Colombia,2002,6150.175997,7
Colombia,2003,6426.656603,7
Colombia,2004,6853.948393,7
Colombia,2005,7305.009429,7
Colombia,2006,7925.047747,7
Colombia,2007,8633.28066,7
Colombia,2008,8931.505957,7
Colombia,2009,8959.237574,7
Colombia,2010,NA,NA
Comoros,2000,968.3753609,-1
Comoros,2001,1001.920463,0
Comoros,2002,1038.291004,4
Comoros,2003,1064.208995,4
Comoros,2004,1068.93941,6
Comoros,2005,1127.253692,6
Comoros,2006,1153.18662,9
Comoros,2007,1170.323133,9
Comoros,2008,1179.119235,9
Comoros,2009,1182.918402,9
Comoros,2010,NA,NA
"Congo, Rep.",2000,2856.758335,-6
"Congo, Rep.",2001,2966.283307,-5
"Congo, Rep.",2002,3077.429112,-4
"Congo, Rep.",2003,3090.085272,-4
"Congo, Rep.",2004,3209.864841,-4
"Congo, Rep.",2005,3496.501786,-4
"Congo, Rep.",2006,3755.498836,-4
"Congo, Rep.",2007,3752.428629,-4
"Congo, Rep.",2008,3976.324761,-4
"Congo, Rep.",2009,4237.953912,-4
"Congo, Rep.",2010,NA,NA
Costa Rica,2000,7191.199789,10
Costa Rica,2001,7274.083525,10
Costa Rica,2002,7452.203642,10
Costa Rica,2003,7945.392956,10
Costa Rica,2004,8366.304941,10
Costa Rica,2005,9001.954587,10
Costa Rica,2006,9955.855403,10
Costa Rica,2007,10942.72761,10
Costa Rica,2008,11320.45062,10
Costa Rica,2009,11105.74497,10
Costa Rica,2010,NA,NA
Croatia,2000,10919.15377,8
Croatia,2001,11661.25801,8
Croatia,2002,12571.49866,8
Croatia,2003,13414.04894,8
Croatia,2004,14444.65755,8
Croatia,2005,15328.7603,9
Croatia,2006,16807.2904,9
Croatia,2007,18717.38769,9
Croatia,2008,20332.16238,9
Croatia,2009,19986.24056,9
Croatia,2010,NA,NA
Cuba,2000,NA,-7
Cuba,2001,NA,-7
Cuba,2002,NA,-7
Cuba,2003,NA,-7
Cuba,2004,NA,-7
Cuba,2005,NA,-7
Cuba,2006,NA,-7
Cuba,2007,NA,-7
Cuba,2008,NA,-7
Cuba,2009,NA,-7
Cuba,2010,NA,NA
Cyprus,2000,19434.58572,10
Cyprus,2001,20926.40485,10
Cyprus,2002,21373.58732,10
Cyprus,2003,21792.1929,10
Cyprus,2004,23214.44448,10
Cyprus,2005,24403.11858,10
Cyprus,2006,26308.84973,10
Cyprus,2007,28532.09458,10
Cyprus,2008,31353.01828,10
Cyprus,2009,30848.20113,10
Cyprus,2010,NA,NA
Czech Republic,2000,14991.19513,10
Czech Republic,2001,16173.94246,10
Czech Republic,2002,16865.57055,10
Czech Republic,2003,17981.86674,10
Czech Republic,2004,19286.73891,10
Czech Republic,2005,20362.30307,10
Czech Republic,2006,22344.2885,8
Czech Republic,2007,24551.43261,8
Czech Republic,2008,25858.28335,8
Czech Republic,2009,25580.52254,8
Czech Republic,2010,NA,NA
Djibouti,2000,1561.244782,2
Djibouti,2001,1590.765967,2
Djibouti,2002,1624.956571,2
Djibouti,2003,1681.809875,2
Djibouti,2004,1764.387706,2
Djibouti,2005,1848.072918,2
Djibouti,2006,1964.239984,2
Djibouti,2007,2097.30726,2
Djibouti,2008,2227.532596,2
Djibouti,2009,2319.464721,2
Djibouti,2010,NA,NA
Dominica,2000,6215.448313,8
Dominica,2001,6139.217705,8
Dominica,2002,5988.719947,8
Dominica,2003,6239.716311,8
Dominica,2004,6794.939952,8
Dominica,2005,7205.148306,8
Dominica,2006,7861.336483,8
Dominica,2007,8479.018765,8
Dominica,2008,8922.652235,8
Dominica,2009,8882.886951,8
Dominica,2010,NA,NA
Dominican Republic,2000,4989.624418,NA
Dominican Republic,2001,5113.67076,NA
Dominican Republic,2002,5412.610791,NA
Dominican Republic,2003,5431.273347,NA
Dominican Republic,2004,5573.658629,NA
Dominican Republic,2005,6200.220514,NA
Dominican Republic,2006,6982.274574,NA
Dominican Republic,2007,7721.836819,NA
Dominican Republic,2008,8189.336808,NA
Dominican Republic,2009,8433.322424,NA
Dominican Republic,2010,NA,NA
"Congo, Dem. Rep.",2000,225.1943665,0
"Congo, Dem. Rep.",2001,219.1904293,0
"Congo, Dem. Rep.",2002,223.6306809,0
"Congo, Dem. Rep.",2003,234.2648061,1
"Congo, Dem. Rep.",2004,249.0763148,3
"Congo, Dem. Rep.",2005,265.9482078,4
"Congo, Dem. Rep.",2006,280.3817392,5
"Congo, Dem. Rep.",2007,299.6416254,5
"Congo, Dem. Rep.",2008,316.3938938,5
"Congo, Dem. Rep.",2009,319.1395657,5
"Congo, Dem. Rep.",2010,NA,NA
Vietnam,2000,1415.648763,-7
Vietnam,2001,1526.905027,-7
Vietnam,2002,1639.866906,-7
Vietnam,2003,1772.076039,-7
Vietnam,2004,1937.216051,-7
Vietnam,2005,2142.735242,-7
Vietnam,2006,2365.158688,-7
Vietnam,2007,2621.345116,-7
Vietnam,2008,2812.814845,-7
Vietnam,2009,2953.06913,-7
Vietnam,2010,NA,NA
Ecuador,2000,4865.628009,6
Ecuador,2001,5174.436781,6
Ecuador,2002,5414.858862,6
Ecuador,2003,5662.292201,6
Ecuador,2004,6217.657766,6
Ecuador,2005,6736.060206,6
Ecuador,2006,7148.486926,7
Ecuador,2007,7607.076888,5
Ecuador,2008,8250.16308,5
Ecuador,2009,8267.730235,5
Ecuador,2010,NA,NA
"Egypt, Arab Rep.",2000,3538.677794,-6
"Egypt, Arab Rep.",2001,3676.40013,-6
"Egypt, Arab Rep.",2002,3752.509767,-6
"Egypt, Arab Rep.",2003,3881.146599,-6
"Egypt, Arab Rep.",2004,4076.457611,-6
"Egypt, Arab Rep.",2005,4318.851195,-3
"Egypt, Arab Rep.",2006,4676.760474,-3
"Egypt, Arab Rep.",2007,5085.496719,-3
"Egypt, Arab Rep.",2008,5468.385108,-3
"Egypt, Arab Rep.",2009,5672.551616,-3
"Egypt, Arab Rep.",2010,NA,NA
Equatorial Guinea,2000,7571.500652,-5
Equatorial Guinea,2001,12174.27318,-5
Equatorial Guinea,2002,14363.11169,-5
Equatorial Guinea,2003,16257.86483,-5
Equatorial Guinea,2004,22443.70535,-5
Equatorial Guinea,2005,24769.87762,-5
Equatorial Guinea,2006,25210.84067,-5
Equatorial Guinea,2007,30836.65097,-5
Equatorial Guinea,2008,34165.96374,-5
Equatorial Guinea,2009,31779.13353,-5
Equatorial Guinea,2010,NA,NA
Eritrea,2000,608.4356829,-6
Eritrea,2001,651.7036385,-7
Eritrea,2002,654.4355855,-7
Eritrea,2003,623.8406076,-7
Eritrea,2004,624.8188787,-7
Eritrea,2005,637.6124543,-7
Eritrea,2006,629.7499939,-7
Eritrea,2007,639.2257667,-7
Eritrea,2008,571.7617765,-7
Eritrea,2009,580.5191831,-7
Eritrea,2010,NA,NA
Estonia,2000,9880.434334,9
Estonia,2001,10715.78756,9
Estonia,2002,11989.21473,9
Estonia,2003,13394.62332,9
Estonia,2004,14781.40892,9
Estonia,2005,16547.92372,9
Estonia,2006,18920.11957,9
Estonia,2007,21003.71789,9
Estonia,2008,21760.68694,9
Estonia,2009,19693.47236,9
Estonia,2010,NA,NA
Ethiopia,2000,467.8424196,1
Ethiopia,2001,504.6284094,1
Ethiopia,2002,507.1284988,1
Ethiopia,2003,493.834026,1
Ethiopia,2004,561.9660481,1
Ethiopia,2005,632.6861478,1
Ethiopia,2006,705.4592851,1
Ethiopia,2007,792.3489887,1
Ethiopia,2008,873.9654434,1
Ethiopia,2009,934.4031927,1
Ethiopia,2010,NA,NA
Timor-Leste,2000,774.304165,NA
Timor-Leste,2001,677.476593,NA
Timor-Leste,2002,678.9961265,6
Timor-Leste,2003,663.0841345,6
Timor-Leste,2004,677.942195,6
Timor-Leste,2005,713.4847066,6
Timor-Leste,2006,669.065617,7
Timor-Leste,2007,721.0717977,7
Timor-Leste,2008,807.8507822,7
Timor-Leste,2009,804.9362979,7
Timor-Leste,2010,NA,NA
Fiji,2000,3487.686803,5
Fiji,2001,3612.640927,5
Fiji,2002,3763.968162,5
Fiji,2003,3859.171044,5
Fiji,2004,4153.026602,6
Fiji,2005,4294.621354,6
Fiji,2006,4489.905611,-3
Fiji,2007,4572.506917,-4
Fiji,2008,4652.153491,-4
Fiji,2009,4526.175846,-4
Fiji,2010,NA,NA
"Micronesia, Fed. Sts.",2000,2622.372086,NA
"Micronesia, Fed. Sts.",2001,2705.068814,NA
"Micronesia, Fed. Sts.",2002,2779.770109,NA
"Micronesia, Fed. Sts.",2003,2842.626408,NA
"Micronesia, Fed. Sts.",2004,2799.433898,NA
"Micronesia, Fed. Sts.",2005,2971.878073,NA
"Micronesia, Fed. Sts.",2006,3051.925044,NA
"Micronesia, Fed. Sts.",2007,3147.519998,NA
"Micronesia, Fed. Sts.",2008,3115.362096,NA
"Micronesia, Fed. Sts.",2009,3087.949419,NA
"Micronesia, Fed. Sts.",2010,NA,NA
Gabon,2000,11763.32736,-4
Gabon,2001,12013.03746,-4
Gabon,2002,11915.9225,-4
Gabon,2003,12217.91811,-4
Gabon,2004,12480.08718,-4
Gabon,2005,13028.52135,-4
Gabon,2006,13353.85591,-4
Gabon,2007,14309.11542,-4
Gabon,2008,14689.4779,-4
Gabon,2009,14419.22504,3
Gabon,2010,NA,NA
"Gambia, The",2000,963.8821885,-5
"Gambia, The",2001,1008.285985,-5
"Gambia, The",2002,959.3944837,-5
"Gambia, The",2003,1014.630405,-5
"Gambia, The",2004,1083.066356,-5
"Gambia, The",2005,1141.77737,-5
"Gambia, The",2006,1220.353223,-5
"Gambia, The",2007,1304.686136,-5
"Gambia, The",2008,1376.456865,-5
"Gambia, The",2009,1414.604541,-5
"Gambia, The",2010,NA,NA
Ghana,2000,927.9663518,2
Ghana,2001,963.7757021,6
Ghana,2002,999.7265601,6
Ghana,2003,1049.788825,6
Ghana,2004,1114.435109,8
Ghana,2005,1192.835802,8
Ghana,2006,1282.475165,8
Ghana,2007,1382.615075,8
Ghana,2008,1500.462273,8
Ghana,2009,1552.396914,8
Ghana,2010,NA,NA
Guinea-Bissau,2000,996.1363143,5
Guinea-Bissau,2001,996.6859683,5
Guinea-Bissau,2002,918.0797413,5
Guinea-Bissau,2003,888.0291529,-1
Guinea-Bissau,2004,918.3748348,-1
Guinea-Bissau,2005,973.3247382,6
Guinea-Bissau,2006,1003.999117,6
Guinea-Bissau,2007,1018.623956,6
Guinea-Bissau,2008,1053.675472,6
Guinea-Bissau,2009,1071.166508,6
Guinea-Bissau,2010,NA,NA
Georgia,2000,2174.023021,5
Georgia,2001,2359.429165,5
Georgia,2002,2560.177433,5
Georgia,2003,2950.519166,5
Georgia,2004,3219.720886,7
Georgia,2005,3610.482861,7
Georgia,2006,4043.780854,7
Georgia,2007,4708.896307,6
Georgia,2008,4928.409112,6
Georgia,2009,4774.110866,6
Georgia,2010,NA,NA
Grenada,2000,6426.971841,NA
Grenada,2001,6303.47285,NA
Grenada,2002,6528.138807,NA
Grenada,2003,7212.879019,NA
Grenada,2004,6917.548431,NA
Grenada,2005,7984.90966,NA
Grenada,2006,8060.172495,NA
Grenada,2007,8685.14272,NA
Grenada,2008,8923.10519,NA
Grenada,2009,8361.836576,NA
Grenada,2010,NA,NA
Guatemala,2000,3511.903056,8
Guatemala,2001,3587.315526,8
Guatemala,2002,3694.34569,8
Guatemala,2003,3774.238084,8
Guatemala,2004,3904.743611,8
Guatemala,2005,4063.956329,8
Guatemala,2006,4313.667427,8
Guatemala,2007,4627.240634,8
Guatemala,2008,4765.794739,8
Guatemala,2009,4719.513095,8
Guatemala,2010,NA,NA
Guinea,2000,782.3309935,-1
Guinea,2001,807.5920538,-1
Guinea,2002,835.8943176,-1
Guinea,2003,883.5343659,-1
Guinea,2004,912.2967063,-1
Guinea,2005,951.9956471,-1
Guinea,2006,987.0427817,-1
Guinea,2007,1016.856603,-1
Guinea,2008,1066.213678,-1
Guinea,2009,1047.798189,-1
Guinea,2010,NA,NA
Guyana,2000,2141.561344,6
Guyana,2001,2236.681948,6
Guyana,2002,2291.886174,6
Guyana,2003,2311.60777,6
Guyana,2004,2449.62469,6
Guyana,2005,2477.941881,6
Guyana,2006,2688.235651,6
Guyana,2007,2975.651357,6
Guyana,2008,3104.210376,6
Guyana,2009,3239.997619,6
Guyana,2010,NA,NA
Haiti,2000,1007.545264,-2
Haiti,2001,1001.790835,-2
Haiti,2002,998.2158904,-2
Haiti,2003,1006.425654,-2
Haiti,2004,982.1797243,0
Haiti,2005,1016.411177,3
Haiti,2006,1055.784815,5
Haiti,2007,1110.401682,5
Haiti,2008,1126.142158,5
Haiti,2009,1151.035213,5
Haiti,2010,NA,NA
Hongkong,2000,26400.84227,NA
Hongkong,2001,26934.40863,NA
Hongkong,2002,27752.71554,NA
Hongkong,2003,29260.79309,NA
Hongkong,2004,32384.25881,NA
Hongkong,2005,35677.91851,NA
Hongkong,2006,39171.87688,NA
Hongkong,2007,42671.66481,NA
Hongkong,2008,44217.49676,NA
Hongkong,2009,43229.22427,NA
Hongkong,2010,NA,NA
Honduras,2000,2554.893408,7
Honduras,2001,2629.448626,7
Honduras,2002,2716.777068,7
Honduras,2003,2843.645951,7
Honduras,2004,3044.763593,7
Honduras,2005,3270.46489,7
Honduras,2006,3527.252193,7
Honduras,2007,3801.44068,7
Honduras,2008,3958.967658,7
Honduras,2009,3841.59057,7
Honduras,2010,NA,NA
Hungary,2000,12264.14513,10
Hungary,2001,13515.4073,10
Hungary,2002,14694.24915,10
Hungary,2003,15487.18493,10
Hungary,2004,16217.47511,10
Hungary,2005,16955.15681,10
Hungary,2006,18364.09595,10
Hungary,2007,19306.95072,10
Hungary,2008,20596.69053,10
Hungary,2009,20311.73128,10
Hungary,2010,NA,NA
India,2000,1568.183373,9
India,2001,1660.352669,9
India,2002,1723.890881,9
India,2003,1880.208807,9
India,2004,2063.85324,9
India,2005,2299.763102,9
India,2006,2559.125853,9
India,2007,2867.957053,9
India,2008,3034.260594,9
India,2009,3296.361048,9
India,2010,NA,NA
Indonesia,2000,2416.912553,6
Indonesia,2001,2527.495764,6
Indonesia,2002,2648.553834,6
Indonesia,2003,2797.861904,6
Indonesia,2004,2982.994959,8
Indonesia,2005,3216.814978,8
Indonesia,2006,3460.841864,8
Indonesia,2007,3760.534519,8
Indonesia,2008,4025.62217,8
Indonesia,2009,4198.778903,8
Indonesia,2010,NA,NA
"Iran, Islamic Rep.",2000,6796.234829,3
"Iran, Islamic Rep.",2001,7090.072434,3
"Iran, Islamic Rep.",2002,7625.261124,3
"Iran, Islamic Rep.",2003,8215.580692,3
"Iran, Islamic Rep.",2004,8744.338984,-6
"Iran, Islamic Rep.",2005,9314.382846,-6
"Iran, Islamic Rep.",2006,10037.31532,-6
"Iran, Islamic Rep.",2007,11048.08131,-6
"Iran, Islamic Rep.",2008,11399.1507,-6
"Iran, Islamic Rep.",2009,11558.38263,-7
"Iran, Islamic Rep.",2010,NA,NA
Iraq,2000,3960.533882,-9
Iraq,2001,3688.953103,-9
Iraq,2002,3370.537617,-9
Iraq,2003,1970.901495,NA
Iraq,2004,2895.396812,NA
Iraq,2005,2897.141923,NA
Iraq,2006,3097.842429,NA
Iraq,2007,3171.190379,NA
Iraq,2008,3460.132288,NA
Iraq,2009,3547.998972,NA
Iraq,2010,NA,NA
Israel,2000,23508.93288,10
Israel,2001,23476.94977,10
Israel,2002,23535.16829,10
Israel,2003,22303.2658,10
Israel,2004,23645.22958,10
Israel,2005,23390.11179,10
Israel,2006,24900.06387,10
Israel,2007,26424.13683,10
Israel,2008,27651.79637,10
Israel,2009,27655.93989,10
Israel,2010,NA,NA
Jamaica,2000,5791.012713,9
Jamaica,2001,5966.469038,9
Jamaica,2002,6092.517743,9
Jamaica,2003,6516.626118,9
Jamaica,2004,6762.741713,9
Jamaica,2005,7027.444445,9
Jamaica,2006,7417.135988,9
Jamaica,2007,7743.971665,9
Jamaica,2008,7836.952056,9
Jamaica,2009,7632.56129,9
Jamaica,2010,NA,NA
Jordan,2000,3182.554906,-2
Jordan,2001,3342.599543,-2
Jordan,2002,3507.491446,-2
Jordan,2003,3641.716232,-2
Jordan,2004,3968.637534,-2
Jordan,2005,4334.477445,-2
Jordan,2006,4717.217897,-2
Jordan,2007,5168.884407,-3
Jordan,2008,5549.796491,-3
Jordan,2009,5596.991268,-3
Jordan,2010,NA,NA
Kenya,2000,1130.708279,-2
Kenya,2001,1169.231329,-2
Kenya,2002,1164.08356,8
Kenya,2003,1192.615592,8
Kenya,2004,1255.816675,8
Kenya,2005,1338.796268,8
Kenya,2006,1431.525812,8
Kenya,2007,1543.072755,7
Kenya,2008,1559.553351,7
Kenya,2009,1572.574756,7
Kenya,2010,NA,NA
Kiribati,2000,2087.286082,NA
Kiribati,2001,2031.757561,NA
Kiribati,2002,2152.39561,NA
Kiribati,2003,2255.638664,NA
Kiribati,2004,2298.671467,NA
Kiribati,2005,2341.226192,NA
Kiribati,2006,2422.474342,NA
Kiribati,2007,2475.625701,NA
Kiribati,2008,2463.347562,NA
Kiribati,2009,2432.209023,NA
Kiribati,2010,NA,NA
Kosovo,2000,NA,NA
Kosovo,2001,NA,NA
Kosovo,2002,NA,NA
Kosovo,2003,NA,NA
Kosovo,2004,NA,NA
Kosovo,2005,NA,NA
Kosovo,2006,NA,NA
Kosovo,2007,NA,NA
Kosovo,2008,NA,8
Kosovo,2009,NA,8
Kosovo,2010,NA,NA
Kuwait,2000,30131.34481,-7
Kuwait,2001,29879.40712,-7
Kuwait,2002,30473.15649,-7
Kuwait,2003,35584.44967,-7
Kuwait,2004,39290.7677,-7
Kuwait,2005,43560.22172,-7
Kuwait,2006,46150.93568,-7
Kuwait,2007,48631.31921,-7
Kuwait,2008,NA,-7
Kuwait,2009,NA,-7
Kuwait,2010,NA,NA
Kyrgyz Republic,2000,1331.048737,-3
Kyrgyz Republic,2001,1422.309347,-3
Kyrgyz Republic,2002,1434.050911,-3
Kyrgyz Republic,2003,1553.497739,-3
Kyrgyz Republic,2004,1691.592037,-3
Kyrgyz Republic,2005,1727.732995,3
Kyrgyz Republic,2006,1822.065142,4
Kyrgyz Republic,2007,2028.807249,3
Kyrgyz Republic,2008,2228.986379,3
Kyrgyz Republic,2009,2283.305442,1
Kyrgyz Republic,2010,NA,NA
Kazakhstan,2000,4791.560322,-4
Kazakhstan,2001,5571.1878,-4
Kazakhstan,2002,6216.290615,-6
Kazakhstan,2003,6917.526653,-6
Kazakhstan,2004,7742.506146,-6
Kazakhstan,2005,8699.114736,-6
Kazakhstan,2006,9838.496055,-6
Kazakhstan,2007,10955.23575,-6
Kazakhstan,2008,11424.12411,-6
Kazakhstan,2009,11509.93217,-6
Kazakhstan,2010,NA,NA
Lao PDR,2000,1175.842811,-7
Lao PDR,2001,1248.422586,-7
Lao PDR,2002,1321.063438,-7
Lao PDR,2003,1409.15217,-7
Lao PDR,2004,1517.200334,-7
Lao PDR,2005,1651.302521,-7
Lao PDR,2006,1818.132852,-7
Lao PDR,2007,1987.706395,-7
Lao PDR,2008,2138.984473,-7
Lao PDR,2009,2255.440818,-7
Lao PDR,2010,NA,NA
Latvia,2000,8040.234928,8
Latvia,2001,8901.10586,8
Latvia,2002,9869.138353,8
Latvia,2003,10616.91759,8
Latvia,2004,11734.65837,8
Latvia,2005,13037.86031,8
Latvia,2006,14983.97009,8
Latvia,2007,17175.14402,8
Latvia,2008,18324.18786,8
Latvia,2009,16437.41106,8
Latvia,2010,NA,NA
Liberia,2000,426.5290721,0
Liberia,2001,428.651413,0
Liberia,2002,437.0513084,0
Liberia,2003,298.8088614,1
Liberia,2004,306.7826347,3
Liberia,2005,322.8436785,5
Liberia,2006,345.1827864,6
Liberia,2007,373.7442492,6
Liberia,2008,391.1190445,6
Liberia,2009,395.989649,6
Liberia,2010,NA,NA
Lebanon,2000,7590.055453,NA
Lebanon,2001,7941.216737,NA
Lebanon,2002,8202.069552,NA
Lebanon,2003,8504.390212,NA
Lebanon,2004,9254.093089,NA
Lebanon,2005,9517.166991,7
Lebanon,2006,9785.867138,7
Lebanon,2007,10797.52967,7
Lebanon,2008,11966.19592,7
Lebanon,2009,13069.73412,7
Lebanon,2010,NA,NA
Lesotho,2000,990.9112102,4
Lesotho,2001,1041.201925,6
Lesotho,2002,1056.869299,8
Lesotho,2003,1114.934246,8
Lesotho,2004,1161.145568,8
Lesotho,2005,1201.185417,8
Lesotho,2006,1308.759192,8
Lesotho,2007,1374.186103,8
Lesotho,2008,1454.204602,8
Lesotho,2009,1467.561829,8
Lesotho,2010,NA,NA
Libya,2000,10947.4258,-7
Libya,2001,10497.90815,-7
Libya,2002,10316.42224,-7
Libya,2003,11666.99603,-7
Libya,2004,12271.12889,-7
Libya,2005,13653.02633,-7
Libya,2006,14627.03589,-7
Libya,2007,15713.71685,-7
Libya,2008,16335.91788,-7
Libya,2009,16502.02667,-7
Libya,2010,NA,NA
Liechtenstein,2000,NA,NA
Liechtenstein,2001,NA,NA
Liechtenstein,2002,NA,NA
Liechtenstein,2003,NA,NA
Liechtenstein,2004,NA,NA
Liechtenstein,2005,NA,NA
Liechtenstein,2006,NA,NA
Liechtenstein,2007,NA,NA
Liechtenstein,2008,NA,NA
Liechtenstein,2009,NA,NA
Liechtenstein,2010,NA,NA
Lithuania,2000,8612.215636,10
Lithuania,2001,9552.146203,10
Lithuania,2002,10566.00557,10
Lithuania,2003,12025.86039,10
Lithuania,2004,12971.48643,10
Lithuania,2005,14194.39153,10
Lithuania,2006,16045.61755,10
Lithuania,2007,18187.87657,10
Lithuania,2008,19676.64208,10
Lithuania,2009,17308.00437,10
Lithuania,2010,NA,NA
Mauritania,2000,1394.742331,-6
Mauritania,2001,1427.246592,-6
Mauritania,2002,1426.030337,-6
Mauritania,2003,1496.368755,-6
Mauritania,2004,1575.277745,-6
Mauritania,2005,1671.901305,-5
Mauritania,2006,2009.307519,-3
Mauritania,2007,1911.697738,4
Mauritania,2008,1977.160183,-5
Mauritania,2009,1928.676244,-2
Mauritania,2010,NA,NA
"Macedonia, FYR",2000,5933.721475,6
"Macedonia, FYR",2001,5828.023918,6
"Macedonia, FYR",2002,6031.898385,9
"Macedonia, FYR",2003,6260.083583,9
"Macedonia, FYR",2004,6839.144329,9
"Macedonia, FYR",2005,7656.397411,9
"Macedonia, FYR",2006,8538.942476,9
"Macedonia, FYR",2007,9257.437828,9
"Macedonia, FYR",2008,10687.00218,9
"Macedonia, FYR",2009,11158.632,9
"Macedonia, FYR",2010,NA,NA
Maldives,2000,3075.247478,NA
Maldives,2001,3204.158609,NA
Maldives,2002,3418.742951,NA
Maldives,2003,3737.9742,NA
Maldives,2004,4152.096176,NA
Maldives,2005,4035.174868,NA
Maldives,2006,4847.337241,NA
Maldives,2007,5301.346386,NA
Maldives,2008,5674.78736,NA
Maldives,2009,5475.677922,NA
Maldives,2010,NA,NA
Madagascar,2000,805.631338,7
Madagascar,2001,848.2569869,7
Madagascar,2002,731.3829189,7
Madagascar,2003,797.2606433,7
Madagascar,2004,839.0529683,7
Madagascar,2005,882.0746844,7
Madagascar,2006,930.5595361,7
Madagascar,2007,995.0889858,7
Madagascar,2008,1060.451972,7
Madagascar,2009,1003.963761,0
Madagascar,2010,NA,NA
Malaysia,2000,9103.681631,3
Malaysia,2001,9162.313166,3
Malaysia,2002,9619.460192,3
Malaysia,2003,10200.15448,3
Malaysia,2004,10996.52859,3
Malaysia,2005,11754.53335,3
Malaysia,2006,12619.58706,3
Malaysia,2007,13656.60006,3
Malaysia,2008,14364.0953,6
Malaysia,2009,14011.98306,6
Malaysia,2010,NA,NA
Mauritius,2000,8113.799061,10
Mauritius,2001,8419.027042,10
Mauritius,2002,8662.144895,10
Mauritius,2003,9077.809789,10
Mauritius,2004,9786.863425,10
Mauritius,2005,10157.50696,10
Mauritius,2006,10817.21517,10
Mauritius,2007,11733.2807,10
Mauritius,2008,12518.93543,10
Mauritius,2009,12838.3793,10
Mauritius,2010,NA,NA
Malawi,2000,561.300819,6
Malawi,2001,529.268244,4
Malawi,2002,531.3647797,4
Malawi,2003,556.7423586,5
Malawi,2004,587.375637,6
Malawi,2005,605.5505604,6
Malawi,2006,654.7822442,6
Malawi,2007,696.7998818,6
Malawi,2008,752.0852676,6
Malawi,2009,794.3302314,6
Malawi,2010,NA,NA
Mayotte,2000,NA,NA
Mayotte,2001,NA,NA
Mayotte,2002,NA,NA
Mayotte,2003,NA,NA
Mayotte,2004,NA,NA
Mayotte,2005,NA,NA
Mayotte,2006,NA,NA
Mayotte,2007,NA,NA
Mayotte,2008,NA,NA
Mayotte,2009,NA,NA
Mayotte,2010,NA,NA
Mexico,2000,9200.895914,8
Mexico,2001,9301.85254,8
Mexico,2002,9563.040888,8
Mexico,2003,10975.31725,8
Mexico,2004,11645.66578,8
Mexico,2005,12592.50368,8
Mexico,2006,13792.96936,8
Mexico,2007,14528.92481,8
Mexico,2008,15269.65947,8
Mexico,2009,14258.24654,8
Mexico,2010,NA,NA
Moldova,2000,1468.951777,7
Moldova,2001,1597.460438,8
Moldova,2002,1754.09584,8
Moldova,2003,1915.555316,8
Moldova,2004,2121.067787,8
Moldova,2005,2361.948075,8
Moldova,2006,2562.344886,8
Moldova,2007,2738.032969,8
Moldova,2008,3020.883766,8
Moldova,2009,2854.308305,8
Moldova,2010,NA,NA
Mali,2000,722.0025403,6
Mali,2001,809.5818618,6
Mali,2002,837.263735,7
Mali,2003,897.275934,7
Mali,2004,920.4231896,7
Mali,2005,985.0087017,7
Mali,2006,1045.739808,7
Mali,2007,1101.652563,7
Mali,2008,1153.301531,7
Mali,2009,1185.499729,7
Mali,2010,NA,NA
Malta,2000,18312.67122,NA
Malta,2001,17937.12026,NA
Malta,2002,19043.93413,NA
Malta,2003,19199.2362,NA
Malta,2004,19816.71295,NA
Malta,2005,20958.04847,NA
Malta,2006,22456.53917,NA
Malta,2007,23629.32279,NA
Malta,2008,24905.4498,NA
Malta,2009,24814.31925,NA
Malta,2010,NA,NA
Monaco,2000,NA,NA
Monaco,2001,NA,NA
Monaco,2002,NA,NA
Monaco,2003,NA,NA
Monaco,2004,NA,NA
Monaco,2005,NA,NA
Monaco,2006,NA,NA
Monaco,2007,NA,NA
Monaco,2008,NA,NA
Monaco,2009,NA,NA
Monaco,2010,NA,NA
Montenegro,2000,6029.55699,NA
Montenegro,2001,6263.856733,NA
Montenegro,2002,6560.744185,NA
Montenegro,2003,6974.062163,NA
Montenegro,2004,7596.025554,NA
Montenegro,2005,8264.675426,NA
Montenegro,2006,10411.56501,9
Montenegro,2007,12401.66829,9
Montenegro,2008,14024.12308,9
Montenegro,2009,13085.84744,9
Montenegro,2010,NA,NA
Mongolia,2000,1805.448793,10
Mongolia,2001,1877.109166,10
Mongolia,2002,1971.811558,10
Mongolia,2003,2126.810254,10
Mongolia,2004,2387.77586,10
Mongolia,2005,2612.816052,10
Mongolia,2006,2893.124581,10
Mongolia,2007,3259.812588,10
Mongolia,2008,3585.313138,10
Mongolia,2009,3522.252738,10
Mongolia,2010,NA,NA
Morocco,2000,2580.479943,-6
Morocco,2001,2803.570833,-6
Morocco,2002,2908.671213,-6
Morocco,2003,3122.177497,-6
Morocco,2004,3325.468275,-6
Morocco,2005,3496.678174,-6
Morocco,2006,3843.47382,-6
Morocco,2007,4032.560636,-6
Morocco,2008,4296.971193,-6
Morocco,2009,4494.424874,-6
Morocco,2010,NA,NA
Marshall Islands,2000,NA,NA
Marshall Islands,2001,NA,NA
Marshall Islands,2002,NA,NA
Marshall Islands,2003,NA,NA
Marshall Islands,2004,NA,NA
Marshall Islands,2005,NA,NA
Marshall Islands,2006,NA,NA
Marshall Islands,2007,NA,NA
Marshall Islands,2008,NA,NA
Marshall Islands,2009,NA,NA
Marshall Islands,2010,NA,NA
Myanmar,2000,NA,-7
Myanmar,2001,NA,-7
Myanmar,2002,NA,-7
Myanmar,2003,NA,-7
Myanmar,2004,NA,-8
Myanmar,2005,NA,-8
Myanmar,2006,NA,-8
Myanmar,2007,NA,-8
Myanmar,2008,NA,-6
Myanmar,2009,NA,-6
Myanmar,2010,NA,NA
Mozambique,2000,447.4149578,5
Mozambique,2001,498.4332429,5
Mozambique,2002,536.503597,5
Mozambique,2003,565.6857588,5
Mozambique,2004,611.2985675,5
Mozambique,2005,667.4549482,5
Mozambique,2006,730.7941192,5
Mozambique,2007,791.7453443,5
Mozambique,2008,843.7755213,5
Mozambique,2009,885.1995191,5
Mozambique,2010,NA,NA
Namibia,2000,4135.741601,6
Namibia,2001,4192.473548,6
Namibia,2002,4378.371434,6
Namibia,2003,4575.245617,6
Namibia,2004,5184.178233,6
Namibia,2005,5389.171736,6
Namibia,2006,5843.933573,6
Namibia,2007,6245.769711,6
Namibia,2008,6527.532933,6
Namibia,2009,6410.093899,6
Namibia,2010,NA,NA
Nepal,2000,801.8357632,6
Nepal,2001,839.8953571,6
Nepal,2002,835.6984896,-6
Nepal,2003,868.373419,-6
Nepal,2004,915.4111618,-6
Nepal,2005,955.9273737,-6
Nepal,2006,1003.90575,6
Nepal,2007,1053.017861,6
Nepal,2008,1113.029043,6
Nepal,2009,1154.698544,6
Nepal,2010,NA,NA
Nicaragua,2000,1884.834924,8
Nicaragua,2001,1955.582166,8
Nicaragua,2002,1974.889552,8
Nicaragua,2003,2041.339651,8
Nicaragua,2004,2182.642883,8
Nicaragua,2005,2322.341258,8
Nicaragua,2006,2460.122957,8
Nicaragua,2007,2591.597079,9
Nicaragua,2008,2810.801153,9
Nicaragua,2009,2641.27778,9
Nicaragua,2010,NA,NA
Nigeria,2000,1290.276388,4
Nigeria,2001,1327.72461,4
Nigeria,2002,1337.336745,4
Nigeria,2003,1470.860543,4
Nigeria,2004,1633.067648,4
Nigeria,2005,1736.545767,4
Nigeria,2006,1859.391285,4
Nigeria,2007,1999.352005,4
Nigeria,2008,2115.654722,4
Nigeria,2009,2203.347561,4
Nigeria,2010,NA,NA
Niger,2000,524.0051947,5
Niger,2001,554.970395,5
Niger,2002,561.7734869,5
Niger,2003,584.1827007,5
Niger,2004,580.7395064,6
Niger,2005,604.8077819,6
Niger,2006,636.3216602,6
Niger,2007,654.082322,6
Niger,2008,703.7741025,6
Niger,2009,689.839228,-3
Niger,2010,NA,NA
Netherlands Antilles,2000,NA,10
Netherlands Antilles,2001,NA,10
Netherlands Antilles,2002,NA,10
Netherlands Antilles,2003,NA,10
Netherlands Antilles,2004,NA,10
Netherlands Antilles,2005,NA,10
Netherlands Antilles,2006,NA,10
Netherlands Antilles,2007,NA,10
Netherlands Antilles,2008,NA,10
Netherlands Antilles,2009,NA,10
Netherlands Antilles,2010,NA,NA
Oman,2000,15869.15767,-9
Oman,2001,17149.25334,-9
Oman,2002,17582.30786,-8
Oman,2003,17717.96977,-8
Oman,2004,18515.57873,-8
Oman,2005,19533.34049,-8
Oman,2006,20861.78243,-8
Oman,2007,22568.44741,-8
Oman,2008,25462.14744,-8
Oman,2009,NA,-8
Oman,2010,NA,NA
Pakistan,2000,1711.903462,-6
Pakistan,2001,1742.883353,-6
Pakistan,2002,1784.749789,-5
Pakistan,2003,1866.036076,-5
Pakistan,2004,2011.245477,-5
Pakistan,2005,2184.359576,-5
Pakistan,2006,2343.98094,-5
Pakistan,2007,2507.776782,2
Pakistan,2008,2548.319718,5
Pakistan,2009,2608.585647,5
Pakistan,2010,NA,NA
Palau,2000,NA,NA
Palau,2001,NA,NA
Palau,2002,NA,NA
Palau,2003,NA,NA
Palau,2004,NA,NA
Palau,2005,NA,NA
Palau,2006,NA,NA
Palau,2007,NA,NA
Palau,2008,NA,NA
Palau,2009,NA,NA
Palau,2010,NA,NA
Panama,2000,7220.976867,9
Panama,2001,7288.146308,9
Panama,2002,7432.652433,9
Panama,2003,7769.726759,9
Panama,2004,8439.158762,9
Panama,2005,9185.559726,9
Panama,2006,10117.94527,9
Panama,2007,11536.51398,9
Panama,2008,12840.58953,9
Panama,2009,13057.09285,9
Panama,2010,NA,NA
Paraguay,2000,3358.543016,7
Paraguay,2001,3434.777661,7
Paraguay,2002,3419.625051,7
Paraguay,2003,3556.69322,8
Paraguay,2004,3735.756912,8
Paraguay,2005,3896.599278,8
Paraguay,2006,4119.64207,8
Paraguay,2007,4466.28531,8
Paraguay,2008,4743.747218,8
Paraguay,2009,4522.52073,8
Paraguay,2010,NA,NA
Peru,2000,4886.3398,5
Peru,2001,4934.728238,9
Peru,2002,5192.779224,9
Peru,2003,5444.204247,9
Peru,2004,5800.876848,9
Peru,2005,6323.361338,9
Peru,2006,6949.511855,9
Peru,2007,7733.82321,9
Peru,2008,8575.586012,9
Peru,2009,8629.49079,9
Peru,2010,NA,NA
Philippines,2000,2293.033105,8
Philippines,2001,2339.521229,8
Philippines,2002,2435.675325,8
Philippines,2003,2561.529438,8
Philippines,2004,2749.839876,8
Philippines,2005,2926.974618,8
Philippines,2006,3124.99135,8
Philippines,2007,3396.685621,8
Philippines,2008,3535.569184,8
Philippines,2009,3541.70222,8
Philippines,2010,NA,NA
Palestinian Adm. Areas,2000,NA,NA
Palestinian Adm. Areas,2001,NA,NA
Palestinian Adm. Areas,2002,NA,NA
Palestinian Adm. Areas,2003,NA,NA
Palestinian Adm. Areas,2004,NA,NA
Palestinian Adm. Areas,2005,NA,NA
Palestinian Adm. Areas,2006,NA,NA
Palestinian Adm. Areas,2007,NA,NA
Palestinian Adm. Areas,2008,NA,NA
Palestinian Adm. Areas,2009,NA,NA
Palestinian Adm. Areas,2010,NA,NA
Papua New Guinea,2000,1726.098485,4
Papua New Guinea,2001,1717.588688,4
Papua New Guinea,2002,1698.386555,4
Papua New Guinea,2003,1728.077632,4
Papua New Guinea,2004,1780.210828,4
Papua New Guinea,2005,1859.10258,4
Papua New Guinea,2006,1921.6184,4
Papua New Guinea,2007,2079.830281,4
Papua New Guinea,2008,2214.508129,4
Papua New Guinea,2009,2281.466103,4
Papua New Guinea,2010,NA,NA
Poland,2000,10512.6585,9
Poland,2001,10951.30829,9
Poland,2002,11563.12502,10
Poland,2003,11982.00497,10
Poland,2004,13013.83659,10
Poland,2005,13784.16246,10
Poland,2006,15063.78512,10
Poland,2007,16760.19522,10
Poland,2008,18020.8314,10
Poland,2009,18905.34126,10
Poland,2010,NA,NA
"Korea, Dem. Rep.",2000,NA,-9
"Korea, Dem. Rep.",2001,NA,-9
"Korea, Dem. Rep.",2002,NA,-9
"Korea, Dem. Rep.",2003,NA,-9
"Korea, Dem. Rep.",2004,NA,-9
"Korea, Dem. Rep.",2005,NA,-9
"Korea, Dem. Rep.",2006,NA,-9
"Korea, Dem. Rep.",2007,NA,-9
"Korea, Dem. Rep.",2008,NA,-9
"Korea, Dem. Rep.",2009,NA,-9
"Korea, Dem. Rep.",2010,NA,NA
Qatar,2000,55053.5147,-10
Qatar,2001,55352.65124,-10
Qatar,2002,57073.09302,-10
Qatar,2003,56462.05035,-10
Qatar,2004,64396.20789,-10
Qatar,2005,64452.38002,-10
Qatar,2006,69842.44902,-10
Qatar,2007,80536.34908,-10
Qatar,2008,91712.3201,-10
Qatar,2009,91378.73617,-10
Qatar,2010,NA,NA
"Korea, Rep.",2000,17197.08006,8
"Korea, Rep.",2001,18151.01291,8
"Korea, Rep.",2002,19655.6681,8
"Korea, Rep.",2003,20181.06397,8
"Korea, Rep.",2004,21630.34873,8
"Korea, Rep.",2005,22783.27005,8
"Korea, Rep.",2006,24286.27154,8
"Korea, Rep.",2007,26190.81141,8
"Korea, Rep.",2008,26876.52423,8
"Korea, Rep.",2009,27099.77758,8
"Korea, Rep.",2010,NA,NA
Romania,2000,5660.415621,8
Romania,2001,6417.24012,8
Romania,2002,7012.554143,8
Romania,2003,7676.586044,8
Romania,2004,8733.309607,9
Romania,2005,9359.47019,9
Romania,2006,11127.69491,9
Romania,2007,12686.13575,9
Romania,2008,14756.71441,9
Romania,2009,14277.99733,9
Romania,2010,NA,NA
Russian Federation,2000,6832.747128,6
Russian Federation,2001,7361.248209,6
Russian Federation,2002,8029.473646,6
Russian Federation,2003,9237.374999,6
Russian Federation,2004,10246.11798,6
Russian Federation,2005,11852.80594,6
Russian Federation,2006,15007.69771,6
Russian Federation,2007,16801.68164,4
Russian Federation,2008,20350.68716,4
Russian Federation,2009,18932.05464,4
Russian Federation,2010,NA,NA
Rwanda,2000,596.1698239,-4
Rwanda,2001,633.4684725,-4
Rwanda,2002,695.4385781,-4
Rwanda,2003,713.7889605,-3
Rwanda,2004,776.3413063,-3
Rwanda,2005,860.0209517,-3
Rwanda,2006,946.7513699,-3
Rwanda,2007,1006.3299,-3
Rwanda,2008,1112.192477,-3
Rwanda,2009,1136.031353,-3
Rwanda,2010,NA,NA
South Africa,2000,6772.809107,9
South Africa,2001,6971.677904,9
South Africa,2002,7244.218372,9
South Africa,2003,7522.253615,9
South Africa,2004,7992.767104,9
South Africa,2005,8596.830871,9
South Africa,2006,9269.283408,9
South Africa,2007,10002.54334,9
South Africa,2008,10480.86125,9
South Africa,2009,10277.76247,9
South Africa,2010,NA,NA
El Salvador,2000,4594.464521,7
El Salvador,2001,4757.155098,7
El Salvador,2002,4928.345158,7
El Salvador,2003,5132.451267,7
El Salvador,2004,5357.420161,7
El Salvador,2005,5686.733102,7
El Salvador,2006,6094.122666,7
El Salvador,2007,6566.252885,7
El Salvador,2008,6842.661492,7
El Salvador,2009,6629.33272,8
El Salvador,2010,NA,NA
Saudi Arabia,2000,17489.93082,-10
Saudi Arabia,2001,17595.72582,-10
Saudi Arabia,2002,17517.56071,-10
Saudi Arabia,2003,18849.39823,-10
Saudi Arabia,2004,19963.67538,-10
Saudi Arabia,2005,21219.71082,-10
Saudi Arabia,2006,22067.36492,-10
Saudi Arabia,2007,22748.33139,-10
Saudi Arabia,2008,23671.29094,-10
Saudi Arabia,2009,23479.51065,-10
Saudi Arabia,2010,NA,NA
Senegal,2000,1297.80362,8
Senegal,2001,1352.120228,8
Senegal,2002,1347.563352,8
Senegal,2003,1430.691559,8
Senegal,2004,1518.006044,8
Senegal,2005,1614.030979,8
Senegal,2006,1664.171546,8
Senegal,2007,1757.67214,7
Senegal,2008,1807.551901,7
Senegal,2009,1816.57492,7
Senegal,2010,NA,NA
Seychelles,2000,16169.78355,NA
Seychelles,2001,16146.6767,NA
Seychelles,2002,16112.34324,NA
Seychelles,2003,15659.00193,NA
Seychelles,2004,15700.74916,NA
Seychelles,2005,17352.22369,NA
Seychelles,2006,19013.87662,NA
Seychelles,2007,21463.07712,NA
Seychelles,2008,21255.26547,NA
Seychelles,2009,19587.02393,NA
Seychelles,2010,NA,NA
Sierra Leone,2000,368.4916187,0
Sierra Leone,2001,431.0852242,2
Sierra Leone,2002,537.1750158,5
Sierra Leone,2003,575.3649014,5
Sierra Leone,2004,611.1569704,5
Sierra Leone,2005,652.8737532,5
Sierra Leone,2006,700.7123767,5
Sierra Leone,2007,750.1197928,7
Sierra Leone,2008,788.6480987,7
Sierra Leone,2009,807.9551378,7
Sierra Leone,2010,NA,NA
Singapore,2000,32612.35472,-2
Singapore,2001,31685.60764,-2
Singapore,2002,33233.76335,-2
Singapore,2003,35654.73158,-2
Singapore,2004,39677.13233,-2
Singapore,2005,45374.30275,-2
Singapore,2006,49330.29843,-2
Singapore,2007,53116.49611,-2
Singapore,2008,52382.12159,-2
Singapore,2009,50632.80663,-2
Singapore,2010,NA,NA
St. Kitts and Nevis,2000,10735.81801,NA
St. Kitts and Nevis,2001,10760.59939,NA
St. Kitts and Nevis,2002,10905.78594,NA
St. Kitts and Nevis,2003,11193.16446,NA
St. Kitts and Nevis,2004,12316.83097,NA
St. Kitts and Nevis,2005,13157.51357,NA
St. Kitts and Nevis,2006,14217.07921,NA
St. Kitts and Nevis,2007,14880.25202,NA
St. Kitts and Nevis,2008,15780.77265,NA
St. Kitts and Nevis,2009,14526.71319,NA
St. Kitts and Nevis,2010,NA,NA
Slovak Republic,2000,10995.59792,9
Slovak Republic,2001,12062.9311,9
Slovak Republic,2002,12955.50931,9
Slovak Republic,2003,13587.62262,9
Slovak Republic,2004,14648.14084,9
Slovak Republic,2005,16163.60121,9
Slovak Republic,2006,18384.40548,10
Slovak Republic,2007,20910.94232,10
Slovak Republic,2008,23312.03291,10
Slovak Republic,2009,22881.68422,10
Slovak Republic,2010,NA,NA
St. Lucia,2000,7391.158388,NA
St. Lucia,2001,7085.378589,NA
St. Lucia,2002,7366.442244,NA
St. Lucia,2003,7606.977225,NA
St. Lucia,2004,8170.537762,NA
St. Lucia,2005,8683.269407,NA
St. Lucia,2006,9376.734882,NA
St. Lucia,2007,9818.583313,NA
St. Lucia,2008,10007.06673,NA
St. Lucia,2009,9604.658818,NA
St. Lucia,2010,NA,NA
Slovenia,2000,17471.9804,10
Slovenia,2001,18342.4173,10
Slovenia,2002,19712.25461,10
Slovenia,2003,20454.1737,10
Slovenia,2004,22203.78666,10
Slovenia,2005,23497.61003,10
Slovenia,2006,25444.74168,10
Slovenia,2007,27238.36217,10
Slovenia,2008,29117.35535,10
Slovenia,2009,27132.96693,10
Slovenia,2010,NA,NA
San Marino,2000,NA,NA
San Marino,2001,NA,NA
San Marino,2002,NA,NA
San Marino,2003,NA,NA
San Marino,2004,NA,NA
San Marino,2005,NA,NA
San Marino,2006,NA,NA
San Marino,2007,NA,NA
San Marino,2008,NA,NA
San Marino,2009,NA,NA
San Marino,2010,NA,NA
Solomon Islands,2000,1971.832822,0
Solomon Islands,2001,1806.5084,0
Solomon Islands,2002,1737.756321,0
Solomon Islands,2003,1841.696135,NA
Solomon Islands,2004,1935.839049,8
Solomon Islands,2005,2055.467126,8
Solomon Islands,2006,2212.938674,8
Solomon Islands,2007,2471.037705,8
Solomon Islands,2008,2643.428526,8
Solomon Islands,2009,2546.62131,8
Solomon Islands,2010,NA,NA
Somalia,2000,NA,0
Somalia,2001,NA,0
Somalia,2002,NA,0
Somalia,2003,NA,0
Somalia,2004,NA,0
Somalia,2005,NA,0
Somalia,2006,NA,0
Somalia,2007,NA,0
Somalia,2008,NA,0
Somalia,2009,NA,0
Somalia,2010,NA,NA
Sri Lanka,2000,2719.185849,5
Sri Lanka,2001,2725.727966,6
Sri Lanka,2002,2860.95744,6
Sri Lanka,2003,3055.538122,5
Sri Lanka,2004,3264.041617,5
Sri Lanka,2005,3545.881168,5
Sri Lanka,2006,3898.720864,6
Sri Lanka,2007,4279.733957,6
Sri Lanka,2008,4599.897782,6
Sri Lanka,2009,4771.610488,6
Sri Lanka,2010,NA,NA
Sao Tome and Principe,2000,NA,NA
Sao Tome and Principe,2001,1036.998177,NA
Sao Tome and Principe,2002,1155.711758,NA
Sao Tome and Principe,2003,1223.532611,NA
Sao Tome and Principe,2004,1318.871468,NA
Sao Tome and Principe,2005,1416.489881,NA
Sao Tome and Principe,2006,1535.003792,NA
Sao Tome and Principe,2007,1656.053508,NA
Sao Tome and Principe,2008,1762.049461,NA
Sao Tome and Principe,2009,1819.985148,NA
Sao Tome and Principe,2010,NA,NA
Sudan,2000,1174.576307,-7
Sudan,2001,1247.979861,-7
Sudan,2002,1309.088022,-6
Sudan,2003,1404.485839,-6
Sudan,2004,1487.806687,-6
Sudan,2005,1600.978106,-4
Sudan,2006,1800.283166,-4
Sudan,2007,2006.187452,-4
Sudan,2008,2141.801336,-4
Sudan,2009,2209.694931,-4
Sudan,2010,NA,NA
Suriname,2000,4411.405186,NA
Suriname,2001,4650.392405,NA
Suriname,2002,4884.373828,NA
Suriname,2003,5216.317575,NA
Suriname,2004,5718.745836,NA
Suriname,2005,6067.360382,NA
Suriname,2006,6506.068386,NA
Suriname,2007,7007.206695,NA
Suriname,2008,7458.996865,NA
Suriname,2009,NA,NA
Suriname,2010,NA,NA
St. Vincent and the Grenadines,2000,5367.997461,NA
St. Vincent and the Grenadines,2001,5606.844453,NA
St. Vincent and the Grenadines,2002,5907.894708,NA
St. Vincent and the Grenadines,2003,6208.93725,NA
St. Vincent and the Grenadines,2004,6791.630228,NA
St. Vincent and the Grenadines,2005,7155.2253,NA
St. Vincent and the Grenadines,2006,8080.403999,NA
St. Vincent and the Grenadines,2007,9044.630619,NA
St. Vincent and the Grenadines,2008,9336.285391,NA
St. Vincent and the Grenadines,2009,9153.700097,NA
St. Vincent and the Grenadines,2010,NA,NA
Swaziland,2000,3574.242797,-9
Swaziland,2001,3648.902094,-9
Swaziland,2002,3745.894175,-9
Swaziland,2003,3951.322984,-9
Swaziland,2004,4138.767734,-9
Swaziland,2005,4334.677568,-9
Swaziland,2006,4554.360297,-9
Swaziland,2007,4813.5942,-9
Swaziland,2008,4965.992945,-9
Swaziland,2009,4998.406349,-9
Swaziland,2010,NA,NA
Syrian Arab Republic,2000,3302.016151,-7
Syrian Arab Republic,2001,3458.287247,-7
Syrian Arab Republic,2002,3553.446158,-7
Syrian Arab Republic,2003,3583.985357,-7
Syrian Arab Republic,2004,3782.316075,-7
Syrian Arab Republic,2005,3954.188693,-7
Syrian Arab Republic,2006,4187.066881,-7
Syrian Arab Republic,2007,4403.111192,-7
Syrian Arab Republic,2008,4618.668234,-7
Syrian Arab Republic,2009,4729.969479,-7
Syrian Arab Republic,2010,NA,NA
Tajikistan,2000,888.4708767,-1
Tajikistan,2001,990.0811434,-1
Tajikistan,2002,1085.942755,-1
Tajikistan,2003,1209.322179,-3
Tajikistan,2004,1359.656303,-3
Tajikistan,2005,1480.26388,-3
Tajikistan,2006,1612.810741,-3
Tajikistan,2007,1771.375255,-3
Tajikistan,2008,1922.039863,-3
Tajikistan,2009,1972.083459,-3
Tajikistan,2010,NA,NA
Tanzania,2000,767.4192944,-1
Tanzania,2001,810.6384941,-1
Tanzania,2002,859.9548318,-1
Tanzania,2003,913.8280375,-1
Tanzania,2004,986.268703,-1
Tanzania,2005,1064.575162,-1
Tanzania,2006,1140.887084,-1
Tanzania,2007,1228.911898,-1
Tanzania,2008,1310.890487,-1
Tanzania,2009,1362.375308,-1
Tanzania,2010,NA,NA
Thailand,2000,4935.4434,9
Thailand,2001,5103.96932,9
Thailand,2002,5399.005519,9
Thailand,2003,5836.963276,9
Thailand,2004,6309.310764,9
Thailand,2005,6750.936237,9
Thailand,2006,7267.399768,-5
Thailand,2007,7831.364852,-1
Thailand,2008,8150.130923,4
Thailand,2009,7995.083518,4
Thailand,2010,NA,NA
Turkmenistan,2000,2058.344309,-9
Turkmenistan,2001,2499.327788,-9
Turkmenistan,2002,2898.220949,-9
Turkmenistan,2003,3415.280809,-9
Turkmenistan,2004,4055.529641,-9
Turkmenistan,2005,4668.107639,-9
Turkmenistan,2006,5295.615507,-9
Turkmenistan,2007,6041.309521,-9
Turkmenistan,2008,6732.00507,-9
Turkmenistan,2009,7241.996615,-9
Turkmenistan,2010,NA,NA
Togo,2000,702.2202306,-2
Togo,2001,696.1048572,-2
Togo,2002,716.8625198,-2
Togo,2003,732.9558811,-2
Togo,2004,757.054832,-2
Togo,2005,772.0294157,-4
Togo,2006,807.6309445,-4
Togo,2007,830.1562203,-4
Togo,2008,842.4332207,-4
Togo,2009,850.3345287,-4
Togo,2010,NA,NA
Tonga,2000,3408.720451,NA
Tonga,2001,3590.918132,NA
Tonga,2002,3757.512093,NA
Tonga,2003,3908.104295,NA
Tonga,2004,4030.606363,NA
Tonga,2005,4097.88307,NA
Tonga,2006,4228.785631,NA
Tonga,2007,4298.818423,NA
Tonga,2008,4460.269208,NA
Tonga,2009,4465.577958,NA
Tonga,2010,NA,NA
Trinidad and Tobago,2000,12294.02618,10
Trinidad and Tobago,2001,13038.23875,10
Trinidad and Tobago,2002,14261.12484,10
Trinidad and Tobago,2003,16614.07801,10
Trinidad and Tobago,2004,18371.30089,10
Trinidad and Tobago,2005,20013.89973,10
Trinidad and Tobago,2006,23368.32291,10
Trinidad and Tobago,2007,25184.77791,10
Trinidad and Tobago,2008,26225.14256,10
Trinidad and Tobago,2009,25571.65922,10
Trinidad and Tobago,2010,NA,NA
Tunisia,2000,4825.763531,-3
Tunisia,2001,5119.272737,-3
Tunisia,2002,5229.924542,-4
Tunisia,2003,5606.536354,-4
Tunisia,2004,6056.614086,-4
Tunisia,2005,6444.814158,-4
Tunisia,2006,6962.321454,-4
Tunisia,2007,7584.037192,-4
Tunisia,2008,8028.917335,-4
Tunisia,2009,8272.502009,-4
Tunisia,2010,NA,NA
Turkey,2000,8866.09444,7
Turkey,2001,8318.316727,7
Turkey,2002,8364.170058,7
Turkey,2003,8478.566031,7
Turkey,2004,9801.973988,7
Turkey,2005,10977.29346,7
Turkey,2006,12409.87283,7
Turkey,2007,13374.30829,7
Turkey,2008,14388.55162,7
Turkey,2009,13667.87955,7
Turkey,2010,NA,NA
Tuvalu,2000,NA,NA
Tuvalu,2001,NA,NA
Tuvalu,2002,NA,NA
Tuvalu,2003,NA,NA
Tuvalu,2004,NA,NA
Tuvalu,2005,NA,NA
Tuvalu,2006,NA,NA
Tuvalu,2007,NA,NA
Tuvalu,2008,NA,NA
Tuvalu,2009,NA,NA
Tuvalu,2010,NA,NA
United Arab Emirates,2000,39568.71867,-8
United Arab Emirates,2001,39036.78284,-8
United Arab Emirates,2002,38694.09771,-8
United Arab Emirates,2003,42179.834,-8
United Arab Emirates,2004,45559.16352,-8
United Arab Emirates,2005,48992.43698,-8
United Arab Emirates,2006,53122.56467,-8
United Arab Emirates,2007,56539.46715,-8
United Arab Emirates,2008,59083.51048,-8
United Arab Emirates,2009,57743.7236,-8
United Arab Emirates,2010,NA,NA
Uganda,2000,678.4447979,-4
Uganda,2001,707.1286059,-4
Uganda,2002,756.7783539,-4
Uganda,2003,796.9593706,-4
Uganda,2004,847.3408075,-4
Uganda,2005,901.1871457,-1
Uganda,2006,997.7372281,-1
Uganda,2007,1082.739551,-1
Uganda,2008,1164.037327,-1
Uganda,2009,1217.175336,-1
Uganda,2010,NA,NA
Ukraine,2000,3276.440374,6
Ukraine,2001,3695.964797,6
Ukraine,2002,3990.77972,6
Ukraine,2003,4496.352241,6
Ukraine,2004,5222.756176,6
Ukraine,2005,5583.399175,6
Ukraine,2006,6227.809671,7
Ukraine,2007,6991.675829,7
Ukraine,2008,7334.162022,7
Ukraine,2009,6317.837635,7
Ukraine,2010,NA,NA
Uruguay,2000,8517.189979,10
Uruguay,2001,8356.441986,10
Uruguay,2002,7835.177421,10
Uruguay,2003,8080.690706,10
Uruguay,2004,8730.35328,10
Uruguay,2005,9682.791069,10
Uruguay,2006,10402.64806,10
Uruguay,2007,11529.14119,10
Uruguay,2008,12747.82495,10
Uruguay,2009,13189.12771,10
Uruguay,2010,NA,NA
Uzbekistan,2000,1446.862182,-9
Uzbekistan,2001,1522.234486,-9
Uzbekistan,2002,1589.438723,-9
Uzbekistan,2003,1672.311771,-9
Uzbekistan,2004,1830.887131,-9
Uzbekistan,2005,2000.937289,-9
Uzbekistan,2006,2190.185322,-9
Uzbekistan,2007,2445.167336,-9
Uzbekistan,2008,2679.036242,-9
Uzbekistan,2009,2874.835648,-9
Uzbekistan,2010,NA,NA
Vanuatu,2000,3386.36266,NA
Vanuatu,2001,3268.981302,NA
Vanuatu,2002,3100.498089,NA
Vanuatu,2003,3195.15332,NA
Vanuatu,2004,3337.055183,NA
Vanuatu,2005,3528.908859,NA
Vanuatu,2006,3804.303318,NA
Vanuatu,2007,4092.882624,NA
Vanuatu,2008,4336.0302,NA
Vanuatu,2009,4438.37515,NA
Vanuatu,2010,NA,NA
"Venezuela, RB",2000,8477.734116,7
"Venezuela, RB",2001,8799.87943,6
"Venezuela, RB",2002,8003.840858,6
"Venezuela, RB",2003,7408.881303,6
"Venezuela, RB",2004,8855.872091,6
"Venezuela, RB",2005,9924.462109,6
"Venezuela, RB",2006,11069.78389,5
"Venezuela, RB",2007,12178.7833,5
"Venezuela, RB",2008,12829.11724,5
"Venezuela, RB",2009,12322.92493,-3
"Venezuela, RB",2010,NA,NA
Samoa,2000,2711.647325,NA
Samoa,2001,2953.571486,NA
Samoa,2002,3122.226875,NA
Samoa,2003,3333.833408,NA
Samoa,2004,3587.879903,NA
Samoa,2005,3858.314693,NA
Samoa,2006,4068.66428,NA
Samoa,2007,4304.849846,NA
Samoa,2008,4620.51049,NA
Samoa,2009,4405.335111,NA
Samoa,2010,NA,NA
"Yemen, Rep.",2000,1827.970748,-2
"Yemen, Rep.",2001,1898.982659,-2
"Yemen, Rep.",2002,1947.525773,-2
"Yemen, Rep.",2003,1992.46027,-2
"Yemen, Rep.",2004,2069.564953,-2
"Yemen, Rep.",2005,2193.964919,-2
"Yemen, Rep.",2006,2271.478533,-2
"Yemen, Rep.",2007,2358.008152,-2
"Yemen, Rep.",2008,2426.798394,-2
"Yemen, Rep.",2009,2469.589389,-2
"Yemen, Rep.",2010,NA,NA
Serbia,2000,5815.126305,7
Serbia,2001,6290.800825,7
Serbia,2002,6645.339013,7
Serbia,2003,6969.561752,6
Serbia,2004,7780.121744,6
Serbia,2005,8515.322104,6
Serbia,2006,9439.836297,6
Serbia,2007,10234.77745,8
Serbia,2008,11827.46967,8
Serbia,2009,11893.16586,8
Serbia,2010,NA,NA
Zambia,2000,887.0844337,1
Zambia,2001,928.8971788,5
Zambia,2002,953.045969,5
Zambia,2003,1000.738679,5
Zambia,2004,1060.726374,5
Zambia,2005,1126.950121,5
Zambia,2006,1206.852753,5
Zambia,2007,1293.897959,5
Zambia,2008,1365.215237,7
Zambia,2009,1430.217016,7
Zambia,2010,NA,NA
Zimbabwe,2000,NA,-3
Zimbabwe,2001,NA,-4
Zimbabwe,2002,NA,-4
Zimbabwe,2003,NA,-4
Zimbabwe,2004,NA,-4
Zimbabwe,2005,NA,-4
Zimbabwe,2006,NA,-4
Zimbabwe,2007,NA,-4
Zimbabwe,2008,NA,-4
Zimbabwe,2009,NA,1
Zimbabwe,2010,NA,NA
